"AC Name","AC No.","Type","District","Winning Candidate","Party","Total Electors","Total Votes","Poll%","Margin","Margin %"
Alipurduars,12,GEN,Alipurduar,Paritosh Das,Bharatiya Janata Party,244331,229846,94.1 %,70420,30.6%
Amdanga,102,GEN,North_24_parganas,Mohammad Kasem Siddique,All India Trinamool Congress,221207,211933,95.8 %,2995,1.4%
Amta,181,GEN,Haora,Amit Samanta,Bharatiya Janata Party,256982,235146,91.5 %,4454,1.9%
Arambag,200,SC,Hooghly,Bag Hemanta,Bharatiya Janata Party,253260,234269,92.5 %,28959,12.4%
Asansol Dakshin,280,GEN,Paschim_bardhaman,Agnimitra Paul,Bharatiya Janata Party,239030,212935,89.1 %,40839,19.2%
Asansol Uttar,281,GEN,Paschim_bardhaman,Krishnendu Mukherjee,Bharatiya Janata Party,236858,207852,87.8 %,11615,5.6%
Ashoknagar,101,GEN,North_24_parganas,Dr. Sumay Hira,Bharatiya Janata Party,229506,218596,95.2 %,9408,4.3%
Ausgram,273,SC,Purba_bardhaman,Kalita Maji,Bharatiya Janata Party,236010,223461,94.7 %,12535,5.6%
Baduria,99,GEN,North_24_parganas,Burhanul Mukaddim (LITON),All India Trinamool Congress,236162,225978,95.7 %,40061,17.7%
Bagda,94,SC,North_24_parganas,Soma Thakur,Bharatiya Janata Party,240989,216505,89.8 %,34616,16.0%
Baghmundi,240,GEN,Purulia,Rahidas Mahato,Bharatiya Janata Party,250657,227700,90.8 %,40817,17.9%
Bagnan,180,GEN,Haora,Arunava Sen,All India Trinamool Congress,230578,216358,93.8 %,11316,5.2%
Baharampur,72,GEN,Murshidabad,Subrata Maitra (KANCHAN),Bharatiya Janata Party,240830,222909,92.6 %,17548,7.9%
Baisnab Nagar,54,GEN,Malda,Raju Karmakar,Bharatiya Janata Party,233865,223050,95.4 %,46881,21.0%
Balagarh,191,SC,Hooghly,Sumana Sarkar,Bharatiya Janata Party,240088,224684,93.6 %,41914,18.7%
Balarampur,239,GEN,Purulia,Jaladhar Mahato,Bharatiya Janata Party,235388,217572,92.4 %,35051,16.1%
Bally,169,GEN,Haora,Sanjay Kumar Singh,Bharatiya Janata Party,133573,116914,87.5 %,11997,10.3%
Ballygunge,161,GEN,Kolkata_south,Sobhandeb Chattopadhyay,All India Trinamool Congress,188839,166565,88.2 %,61476,36.9%
Balurghat,39,GEN,Dakshin Dinajpur,Bidyut Kumar Roy,Bharatiya Janata Party,166912,156852,94.0 %,47576,30.3%
Bandwan,238,ST,Purulia,Labsen Baskey,Bharatiya Janata Party,285966,263398,92.1 %,29577,11.2%
Bangaon Dakshin,96,SC,North_24_parganas,Swapan Majumder,Bharatiya Janata Party,228359,211259,92.5 %,37814,17.9%
Bangaon Uttar,95,SC,North_24_parganas,Ashok Kirtania,Bharatiya Janata Party,225962,209844,92.9 %,40670,19.4%
Bankura,252,GEN,Bankura,Niladri Sekhar Dana,Bharatiya Janata Party,260886,235798,90.4 %,54177,23.0%
Barabani,283,GEN,Paschim_bardhaman,Arijit Roy,Bharatiya Janata Party,201898,182509,90.4 %,11722,6.4%
Baranagar,113,GEN,North_24_parganas,Sajal Ghosh,Bharatiya Janata Party,186541,168150,90.1 %,16956,10.1%
Barasat,119,GEN,North_24_parganas,Sankar Chatterjee,Bharatiya Janata Party,252439,235060,93.1 %,34558,14.7%
Bardhaman Dakshin,260,GEN,Purba_bardhaman,Moumita Biswas Misra,Bharatiya Janata Party,221961,202459,91.2 %,30470,15.0%
Bardhaman Uttar,266,SC,Purba_bardhaman,Nisith Kumar Malik,All India Trinamool Congress,260360,244161,93.8 %,6460,2.6%
Barjora,253,GEN,Bankura,Billeswar Sinha,Bharatiya Janata Party,251402,232676,92.6 %,41310,17.8%
Barrackpur,108,GEN,North_24_parganas,Kaustuv Bagchi,Bharatiya Janata Party,170646,153721,90.1 %,15822,10.3%
Baruipur Paschim,140,GEN,South_24_parganas,Biman Banerjee,All India Trinamool Congress,233097,219921,94.3 %,17862,8.1%
Baruipur Purba,137,SC,South_24_parganas,Bivas Sardar,All India Trinamool Congress,245106,235636,96.1 %,31815,13.5%
Basanti,128,SC,South_24_parganas,Nilima Mistry Bishal,All India Trinamool Congress,240303,230458,95.9 %,56181,24.4%
Basirhat-Dakshin,124,GEN,North_24_parganas,Surajit Mitra (BADAL),All India Trinamool Congress,260361,249208,95.7 %,9544,3.8%
Basirhat-Uttar,125,GEN,North_24_parganas,Md. Tauseffur Rahman,All India Trinamool Congress,245388,236879,96.5 %,57270,24.2%
Behala Paschim,154,GEN,South_24_parganas,Dr. Indranil Khan,Bharatiya Janata Party,266173,237312,89.2 %,24699,10.4%
Behala Purba,153,GEN,South_24_parganas,Sankar Sikder,Bharatiya Janata Party,259752,233052,89.7 %,25137,10.8%
Beldanga,71,GEN,Murshidabad,Bharat Kumar Jhawar,Bharatiya Janata Party,243984,226812,93.0 %,13208,5.8%
Beleghata,164,GEN,Kolkata_north,Kunal Kumar Ghosh,All India Trinamool Congress,190599,172540,90.5 %,28576,16.6%
Bhabanipur,159,GEN,Kolkata_south,Adhikari Suvendu,Bharatiya Janata Party,160313,138584,86.4 %,15105,10.9%
Bhagabangola,62,GEN,Murshidabad,Reyat Hossain Sarkar,All India Trinamool Congress,224618,217131,96.7 %,56407,26.0%
Bhagabanpur,214,GEN,Purbo_medinipur,Santanu Pramanik,Bharatiya Janata Party,263775,246952,93.6 %,20878,8.5%
Bhangar,148,GEN,South_24_parganas,Md Nawsad Siddique,All India Secular Front,272711,265799,97.5 %,32088,12.1%
Bharatpur,69,GEN,Murshidabad,Mustafijur Rahaman (SUMAN),All India Trinamool Congress,239184,212804,89.0 %,30753,14.5%
Bhatar,267,GEN,Purba_bardhaman,Karfa Soumen,Bharatiya Janata Party,226642,211442,93.3 %,6528,3.1%
Bhatpara,105,GEN,North_24_parganas,Pawan Kumar Singh,Bharatiya Janata Party,117195,105375,89.9 %,22807,21.6%
Bidhan Nagar,116,GEN,North_24_parganas,Sharadwat Mukherjee,Bharatiya Janata Party,203877,176102,86.4 %,37330,21.2%
Bijpur,103,GEN,North_24_parganas,Sudipta Das,Bharatiya Janata Party,158096,144155,91.2 %,13343,9.3%
Binpur,237,ST,Jhargram,Dr. Pranat Tudu,Bharatiya Janata Party,221125,205400,92.9 %,22977,11.2%
Bishnupur,146,SC,South_24_parganas,Dilip Mondal,All India Trinamool Congress,268266,248924,92.8 %,36925,14.8%
Bishnupur,255,SC,Bankura,Shukla Chatterjee,Bharatiya Janata Party,220284,205298,93.2 %,30605,14.9%
Bolpur,286,GEN,Birbhum,Chandranath Sinha,All India Trinamool Congress,260112,242785,93.3 %,13188,5.4%
Budge Budge,156,GEN,South_24_parganas,Ashok Kumar Deb,All India Trinamool Congress,229907,216100,94.0 %,46850,21.7%
Burwan,67,SC,Murshidabad,Sukhen Kumar Bagdi,Bharatiya Janata Party,214003,186417,87.1 %,22300,12.0%
Canning Paschim,138,SC,South_24_parganas,Paresh Ram Das,All India Trinamool Congress,238236,228318,95.8 %,40665,17.8%
Canning Purba,139,GEN,South_24_parganas,Md Baharul Islam,All India Trinamool Congress,246673,240040,97.3 %,91954,38.3%
Chakdaha,91,GEN,Nadia,Bankim Chandra Ghosh,Bharatiya Janata Party,223981,209610,93.6 %,36945,17.6%
Chakulia,31,GEN,Uttar Dinajpur,Azad Minhajul Arfin,All India Trinamool Congress,216095,197401,91.3 %,28011,14.2%
Champdani,187,GEN,Hooghly,Dilip Singh,Bharatiya Janata Party,221952,202388,91.2 %,3026,1.5%
Chanchal,45,GEN,Malda,Prasun Banerjee,All India Trinamool Congress,244428,233628,95.6 %,63874,27.3%
Chandannagar,189,GEN,Hooghly,Deepanjan Kumar Guha,Bharatiya Janata Party,203451,184893,90.9 %,13441,7.3%
Chandipur,211,GEN,Purbo_medinipur,Pijush Kanti Das,Bharatiya Janata Party,255924,241340,94.3 %,20270,8.4%
Chanditala,194,GEN,Hooghly,Swati Khandoker,All India Trinamool Congress,246543,226021,91.7 %,19663,8.7%
Chandrakona,232,SC,Paschim_medinipur,Sukanta Dolui,Bharatiya Janata Party,282820,262895,93.0 %,33481,12.7%
Chapra,82,GEN,Nadia,Jeber Sekh,All India Trinamool Congress,232057,209212,90.2 %,30780,14.7%
Chhatna,248,GEN,Bankura,Satyanarayan Mukhopadhyay,Bharatiya Janata Party,242151,219369,90.6 %,47174,21.5%
Chopra,28,GEN,Uttar Dinajpur,Hamidul Rahaman,All India Trinamool Congress,219236,209938,95.8 %,69124,32.9%
Chowrangee,162,GEN,Kolkata_north,Bandyopadhyay Nayna,All India Trinamool Congress,126349,109290,86.5 %,22002,20.1%
Chunchura,190,GEN,Hooghly,Subir Nag,Bharatiya Janata Party,275715,252189,91.5 %,43435,17.2%
Coochbehar Dakshin,4,GEN,Coochbehar,Rathindra Bose,Bharatiya Janata Party,213968,203643,95.2 %,23284,11.4%
Coochbehar Uttar,3,SC,Coochbehar,Sukumar Ray,Bharatiya Janata Party,263078,252356,95.9 %,70384,27.9%
Dabgram-Phulbari,19,GEN,Jalpaiguri,Sikha Chatterjee,Bharatiya Janata Party,264380,250768,94.9 %,97715,39.0%
Dantan,219,GEN,Paschim_medinipur,Ajit Kumar Jana,Bharatiya Janata Party,236168,217163,92.0 %,10376,4.8%
Darjeeling,23,GEN,Darjeeling,Noman Rai,Bharatiya Janata Party,207716,171767,82.7 %,6057,3.5%
Daspur,230,GEN,Paschim_medinipur,Tapan Kumar Dutta,Bharatiya Janata Party,296045,250336,84.6 %,32134,12.8%
Debra,229,GEN,Paschim_medinipur,Subhashis Om,Bharatiya Janata Party,231898,216236,93.2 %,28801,13.3%
Deganga,120,GEN,North_24_parganas,Anisur Rahaman Bidesh,All India Trinamool Congress,240007,231155,96.3 %,17818,7.7%
Dhanekhali,197,SC,Hooghly,Asima Patra,All India Trinamool Congress,262689,244795,93.2 %,13057,5.3%
Dhupguri,15,SC,Jalpaiguri,Naresh Roy,Bharatiya Janata Party,258127,247337,95.8 %,38550,15.6%
Diamond Harbour,143,GEN,South_24_parganas,Panna Lal Halder,All India Trinamool Congress,245097,230859,94.2 %,31266,13.5%
Dinhata,7,GEN,Coochbehar,Ajay Ray,Bharatiya Janata Party,277291,266111,96.0 %,17447,6.6%
Domjur,184,GEN,Haora,Tapas Maity,All India Trinamool Congress,269236,253004,94.0 %,42177,16.7%
Domkal,75,GEN,Murshidabad,Md. Mostafijur Rahaman,Communist Party Of India (MARXIST),267374,256583,96.0 %,16296,6.4%
Dubrajpur,284,SC,Birbhum,Anup Kumar Saha,Bharatiya Janata Party,231503,217706,94.0 %,27647,12.7%
Dum Dum,114,GEN,North_24_parganas,Arijit Bakshi,Bharatiya Janata Party,217541,196639,90.4 %,25273,12.9%
Dum Dum Uttar,110,GEN,North_24_parganas,Sourav Sikdar,Bharatiya Janata Party,240341,221874,92.3 %,26404,11.9%
Durgapur Paschim,277,GEN,Paschim_bardhaman,Lakshman Chandra Ghorui,Bharatiya Janata Party,238700,213827,89.6 %,37598,17.6%
Durgapur Purba,276,GEN,Paschim_bardhaman,Chandra Sekhar Banerjee,Bharatiya Janata Party,237127,212208,89.5 %,30934,14.6%
Egra,218,GEN,Purbo_medinipur,Adhikari Dibyendu,Bharatiya Janata Party,291598,268651,92.1 %,25692,9.6%
English Bazar,51,GEN,Malda,Amlan Bhaduri (BURO),Bharatiya Janata Party,249137,232833,93.5 %,93784,40.3%
Entally,163,GEN,Kolkata_north,Sandipan Saha,All India Trinamool Congress,178877,164515,92.0 %,34006,20.7%
Falakata,13,SC,Alipurduar,Dipak Barman,Bharatiya Janata Party,245264,234521,95.6 %,45999,19.6%
Farakka,55,GEN,Murshidabad,Motab Shaikh,Indian National Congress,181659,173058,95.3 %,8193,4.7%
Gaighata,97,SC,North_24_parganas,Subrata Thakur,Bharatiya Janata Party,222723,208207,93.5 %,47683,22.9%
Galsi,274,SC,Purba_bardhaman,Raju Patra,Bharatiya Janata Party,243955,229565,94.1 %,10494,4.6%
Gangarampur,41,SC,Dakshin Dinajpur,Satyendra Nath Roy,Bharatiya Janata Party,200146,191385,95.6 %,28339,14.8%
Garbeta,233,GEN,Paschim_medinipur,Pradip Lodha,Bharatiya Janata Party,232881,219594,94.3 %,26225,11.9%
Gazole,44,SC,Malda,Chinmoy Deb Barman,Bharatiya Janata Party,255085,242392,95.0 %,38192,15.8%
Ghatal,231,SC,Paschim_medinipur,Sital Kapat,Bharatiya Janata Party,276569,240717,87.0 %,37657,15.6%
Goalpokhar,30,GEN,Uttar Dinajpur,Md Ghulam Rabbani,All India Trinamool Congress,199468,182242,91.4 %,83790,46.0%
Goghat,201,SC,Hooghly,Prasanta Digar,Bharatiya Janata Party,248076,231900,93.5 %,49582,21.4%
Gopiballavpur,221,GEN,Jhargram,Rajesh Mahata,Bharatiya Janata Party,227793,210851,92.6 %,26675,12.7%
Gosaba,127,SC,South_24_parganas,Bikarna Naskar,Bharatiya Janata Party,221332,209107,94.5 %,16100,7.7%
Habibpur,43,ST,Malda,Joyel Murmu,Bharatiya Janata Party,238230,225494,94.7 %,78188,34.7%
Habra,100,GEN,North_24_parganas,Debdas Mondal,Bharatiya Janata Party,208822,197749,94.7 %,31462,15.9%
Haldia,209,SC,Purbo_medinipur,Pradip Kumar Bijali,Bharatiya Janata Party,251919,238380,94.6 %,49062,20.6%
Hansan,292,GEN,Birbhum,Fayezul Haque (KAJAL SK),All India Trinamool Congress,237273,225402,95.0 %,28298,12.6%
Haora,121,GEN,North_24_parganas,Abdul Matin Muhammad,All India Trinamool Congress,243400,234632,96.4 %,49341,21.0%
Hariharpara,73,GEN,Murshidabad,Niamot Sheikh,All India Trinamool Congress,245484,233996,95.3 %,12665,5.4%
Haringhata,93,SC,Nadia,Asim Kumar Sarkar,Bharatiya Janata Party,225109,211181,93.8 %,22055,10.4%
Haripal,196,GEN,Hooghly,Madhumita Ghosh,Bharatiya Janata Party,264175,244247,92.5 %,3488,1.4%
Harirampur,42,GEN,Dakshin Dinajpur,Biplab Mitra,All India Trinamool Congress,211295,203061,96.1 %,1986,1.0%
Harischandrapur,46,GEN,Malda,Md. Matibur Rahaman,All India Trinamool Congress,238850,226145,94.7 %,48271,21.3%
Hemtabad,33,SC,Uttar Dinajpur,Haripada Barman,Bharatiya Janata Party,246530,238615,96.8 %,12361,5.2%
Hingalganj,126,SC,North_24_parganas,Rekha Patra,Bharatiya Janata Party,215122,205411,95.5 %,5421,2.6%
Howrah Dakshin,173,GEN,Haora,Nandita Chowdhury,All India Trinamool Congress,240607,220480,91.6 %,7828,3.6%
Howrah Madhya,171,GEN,Haora,Arup Roy,All India Trinamool Congress,214821,192349,89.5 %,16083,8.4%
Howrah Uttar,170,GEN,Haora,Umesh Rai,Bharatiya Janata Party,149948,132215,88.2 %,11250,8.5%
Indus,257,SC,Bankura,Nirmal Kumar Dhara,Bharatiya Janata Party,245267,230812,94.1 %,900,0.4%
Islampur,29,GEN,Uttar Dinajpur,Agarwal Kanaia Lal,All India Trinamool Congress,202217,183941,91.0 %,40063,21.8%
Itahar,36,GEN,Uttar Dinajpur,Mosaraf Hussen,All India Trinamool Congress,211422,203460,96.2 %,27878,13.7%
Jadavpur,150,GEN,South_24_parganas,Sarbori Mukherjee,Bharatiya Janata Party,260821,229099,87.8 %,27716,12.1%
Jagatballavpur,183,GEN,Haora,Anupam Ghosh,Bharatiya Janata Party,270806,250316,92.4 %,6671,2.7%
Jagatdal,106,GEN,North_24_parganas,Dr. Rajesh Kumar,Bharatiya Janata Party,195630,182221,93.1 %,20909,11.5%
Jalangi,76,GEN,Murshidabad,Babar Ali,All India Trinamool Congress,262787,251961,95.9 %,21516,8.5%
Jalpaiguri,17,SC,Jalpaiguri,Ananta Deb Adhikary,Bharatiya Janata Party,250381,235248,94.0 %,68805,29.2%
Jamalpur,262,SC,Purba_bardhaman,Arun Halder,Bharatiya Janata Party,225468,212976,94.5 %,11178,5.2%
Jamuria,279,GEN,Paschim_bardhaman,Dr. Bijan Mukherjee,Bharatiya Janata Party,196545,179893,91.5 %,22514,12.5%
Jangipara,195,GEN,Hooghly,Prosenjit Bag,Bharatiya Janata Party,251069,229903,91.6 %,862,0.4%
Jangipur,58,GEN,Murshidabad,Chitta Mukherjee,Bharatiya Janata Party,220859,211463,95.7 %,10542,5.0%
Jaynagar,136,SC,South_24_parganas,Biswanath Das,All India Trinamool Congress,227238,218204,96.0 %,26350,12.1%
Jhargram,222,GEN,Jhargram,Lakshmi Kanta Sau,Bharatiya Janata Party,235147,218678,93.0 %,38147,17.4%
Jorasanko,165,GEN,Kolkata_north,Vijay Ojha,Bharatiya Janata Party,122686,106175,86.5 %,5797,5.5%
Joypur,241,GEN,Purulia,Biswajit Mahato,Bharatiya Janata Party,253825,229964,90.6 %,22218,9.7%
Kakdwip,131,GEN,South_24_parganas,Dipankar Jana,Bharatiya Janata Party,241720,230138,95.2 %,4760,2.1%
Kalchini,11,ST,Alipurduar,Bishal Lama,Bharatiya Janata Party,221457,200812,90.7 %,37843,18.8%
Kaliaganj,34,SC,Uttar Dinajpur,Utpal Brahmacharo,Bharatiya Janata Party,268281,255232,95.1 %,76425,29.9%
Kaliganj,80,GEN,Nadia,Alifa Ahmed,All India Trinamool Congress,232460,216918,93.3 %,10172,4.7%
Kalimpong,22,GEN,Kalimpong,Bharat Kumar Chetri,Bharatiya Janata Party,201619,167417,83.0 %,21464,12.8%
Kalna,264,SC,Purba_bardhaman,Siddhartha Majumdar,Bharatiya Janata Party,226370,211900,93.6 %,28630,13.5%
Kalyani,92,SC,Nadia,Anupam Biswas,Bharatiya Janata Party,230489,213567,92.7 %,34792,16.3%
Kamarhati,112,GEN,North_24_parganas,Madan Mitra,All India Trinamool Congress,162646,147127,90.5 %,5646,3.8%
Kandi,68,GEN,Murshidabad,Gargi Das Ghosh,Bharatiya Janata Party,233024,196528,84.3 %,10335,5.3%
Kanthi-Dakshn,216,GEN,Purbo_medinipur,Arup Kumar Das,Bharatiya Janata Party,227954,211547,92.8 %,31472,14.9%
Kanthi-Uttar,213,GEN,Purbo_medinipur,Sumita Sinha,Bharatiya Janata Party,263602,247954,94.1 %,20055,8.1%
Karandighi,32,GEN,Uttar Dinajpur,Biraj Biswas,Bharatiya Janata Party,231599,218326,94.3 %,19869,9.1%
Karimpur,77,GEN,Nadia,Samarendranath Ghosh,Bharatiya Janata Party,252844,239776,94.8 %,10185,4.2%
Kasba,149,GEN,South_24_parganas,Ahmed Javed Khan,All India Trinamool Congress,265616,239304,90.1 %,20974,8.8%
Kashipur,244,GEN,Purulia,Kamala Kanta Hansda,Bharatiya Janata Party,229552,209177,91.1 %,21276,10.2%
Kashipur-Belgachhia,168,GEN,Kolkata_north,Ritesh Tiwari,Bharatiya Janata Party,167936,149292,88.9 %,1651,1.1%
Katulpur,256,SC,Bankura,Lakshmi Kanta Majumdar,Bharatiya Janata Party,253697,238591,94.0 %,34367,14.4%
Katwa,270,GEN,Purba_bardhaman,Krishna Ghosh,Bharatiya Janata Party,256811,238050,92.7 %,35066,14.7%
Keshiary,223,ST,Paschim_medinipur,Bhadra Hemram,Bharatiya Janata Party,238769,222504,93.2 %,15887,7.1%
Keshpur,235,SC,Paschim_medinipur,Seuli Saha,All India Trinamool Congress,268034,252410,94.2 %,50105,19.9%
Ketugram,271,GEN,Purba_bardhaman,Anadi Ghosh,Bharatiya Janata Party,234035,215149,91.9 %,27610,12.8%
Khanakul,202,GEN,Hooghly,Susanta Ghosh,Bharatiya Janata Party,268570,235440,87.7 %,34483,14.6%
Khandaghosh,259,SC,Purba_bardhaman,Nabin Chandra Bag,All India Trinamool Congress,233679,221975,95.0 %,8284,3.7%
Kharagpur,228,GEN,Paschim_medinipur,Dinen Roy,All India Trinamool Congress,218142,207025,94.9 %,2872,1.4%
Kharagpur Sadar,224,GEN,Paschim_medinipur,Dilip Ghosh,Bharatiya Janata Party,180530,160371,88.8 %,30506,19.0%
Khardaha,109,GEN,North_24_parganas,Kalyan Chakraborti,Bharatiya Janata Party,209855,195189,93.0 %,24486,12.5%
Khargram,66,SC,Murshidabad,Mitali Mal,Bharatiya Janata Party,230464,202598,87.9 %,9333,4.6%
Khejuri,215,SC,Purbo_medinipur,Subrata Paik,Bharatiya Janata Party,247976,235727,95.1 %,32690,13.9%
Kolkata Port,158,GEN,Kolkata_south,Firhad Hakim,All India Trinamool Congress,171615,154129,89.8 %,56080,36.4%
Krishna Nagar Uttar,83,GEN,Nadia,Tarak Nath Chatterjee,Bharatiya Janata Party,216456,200865,92.8 %,78361,39.0%
Krishnaganj,88,SC,Nadia,Sukanta Biswas,Bharatiya Janata Party,253036,231544,91.5 %,60899,26.3%
Krishnanagar Dakshin,85,GEN,Nadia,Sadhan Ghosh,Bharatiya Janata Party,209781,195965,93.4 %,27801,14.2%
Kulpi,133,GEN,South_24_parganas,Barnali Dhara,All India Trinamool Congress,216620,206328,95.2 %,10383,5.0%
Kultali,129,SC,South_24_parganas,Ganesh Chandra Mondal,All India Trinamool Congress,261736,252081,96.3 %,59276,23.5%
Kulti,282,GEN,Paschim_bardhaman,Ajay Kumar Poddar,Bharatiya Janata Party,210553,187700,89.1 %,26498,14.1%
Kumarganj,38,GEN,Dakshin Dinajpur,Toraf Hossain Mandal,All India Trinamool Congress,180385,173080,96.0 %,6685,3.9%
Kumargram,10,ST,Alipurduar,Manoj Kumar Oraon,Bharatiya Janata Party,259496,243903,94.0 %,52877,21.7%
Kurseong,24,GEN,Darjeeling,Sonam Lama,Bharatiya Janata Party,216152,180065,83.3 %,17007,9.4%
Kushmundi,37,SC,Dakshin Dinajpur,Tapas Chandra Roy,Bharatiya Janata Party,205867,197942,96.2 %,9063,4.6%
Labpur,288,GEN,Birbhum,Debasis Ojha (HAKU DA),Bharatiya Janata Party,234630,219857,93.7 %,3550,1.6%
Lalgola,61,GEN,Murshidabad,Abdul Aziz Doctor,All India Trinamool Congress,186182,179123,96.2 %,18960,10.6%
Madarihat,14,ST,Alipurduar,Laxuman Limbu,Bharatiya Janata Party,193958,174873,90.2 %,40910,23.4%
Madhyamgram,118,GEN,North_24_parganas,Rathin Ghosh,All India Trinamool Congress,244485,231442,94.7 %,2399,1.0%
Magrahat Paschim,142,GEN,South_24_parganas,Md. Samim Ahamed Molla,All India Trinamool Congress,217022,204232,94.1 %,58503,28.6%
Magrahat Purba,141,SC,South_24_parganas,Sarmistha Purkait,All India Trinamool Congress,232589,221320,95.2 %,31607,14.3%
Maheshtala,155,GEN,South_24_parganas,Subhasis Das,All India Trinamool Congress,243365,228518,93.9 %,32913,14.4%
Mahisadal,208,GEN,Purbo_medinipur,Subhas Chandra Panja,Bharatiya Janata Party,253523,237345,93.6 %,26238,11.1%
Mal,20,ST,Jalpaiguri,Sukra Munda,Bharatiya Janata Party,237452,221434,93.3 %,15492,7.0%
Malatipur,47,GEN,Malda,Abdur Rahim Boxi,All India Trinamool Congress,212691,200582,94.3 %,59747,29.8%
Maldaha,50,SC,Malda,Gopal Chandra Saha,Bharatiya Janata Party,231348,218596,94.5 %,50128,22.9%
Manbazar,243,ST,Purulia,Mayna Murmu,Bharatiya Janata Party,255460,234356,91.7 %,27283,11.6%
Mandirbazar,135,SC,South_24_parganas,Joydeb Halder S/o - Kartick Chandra Halder,All India Trinamool Congress,222090,212193,95.5 %,1995,0.9%
Mangalkote,272,GEN,Purba_bardhaman,Shishir Ghosh,Bharatiya Janata Party,231984,215824,93.0 %,12723,5.9%
Manikchak,49,GEN,Malda,Gour Chandra Mandal,Bharatiya Janata Party,235765,224162,95.1 %,13938,6.2%
Maniktala,167,GEN,Kolkata_north,Tapas Roy,Bharatiya Janata Party,165906,149664,90.2 %,15644,10.5%
Mathabhanga,2,SC,Coochbehar,Nishith Pramanik,Bharatiya Janata Party,248757,240932,96.9 %,57090,23.7%
Matiaburz,157,GEN,South_24_parganas,Abdul Khaleque Molla,All India Trinamool Congress,189494,178383,94.1 %,87879,49.3%
Matigara-Naxalbari,25,SC,Darjeeling,Anandamay Barman,Bharatiya Janata Party,268480,249174,92.8 %,104265,41.8%
Maynaguri,16,SC,Jalpaiguri,Dalim Chandra Roy,Bharatiya Janata Party,258545,249317,96.4 %,56503,22.7%
Mayureswar,290,GEN,Birbhum,Dudh Kumar Mondal,Bharatiya Janata Party,225874,211017,93.4 %,21002,10.0%
Medinipur,236,GEN,Paschim_medinipur,Sankar Kumar Guchhait,Bharatiya Janata Party,260295,242458,93.1 %,38747,16.0%
Mekliganj,1,SC,Coochbehar,Dadhiram Ray,Bharatiya Janata Party,224413,216733,96.6 %,29584,13.6%
Memari,265,GEN,Purba_bardhaman,Manab Guha,Bharatiya Janata Party,239601,226263,94.4 %,7106,3.1%
Minakhan,122,SC,North_24_parganas,Usha Rani Mondal,All India Trinamool Congress,222011,213232,96.0 %,32292,15.1%
Monteswar,263,GEN,Purba_bardhaman,Saikat Panja,Bharatiya Janata Party,216764,202805,93.6 %,14798,7.3%
Mothabari,52,GEN,Malda,Islam Md Najrul,All India Trinamool Congress,169347,160850,95.0 %,10496,6.5%
Moyna,206,GEN,Purbo_medinipur,Ashoke Dinda,Bharatiya Janata Party,264971,245272,92.6 %,16241,6.6%
Murarai,294,GEN,Birbhum,Dr. Mosarraf Hossain,All India Trinamool Congress,252004,241773,95.9 %,37705,15.6%
Murshidabad,64,GEN,Murshidabad,Gouri Sankar Ghosh,Bharatiya Janata Party,248269,236092,95.1 %,31521,13.4%
Nabadwip,84,GEN,Nadia,Srutisekhar Goswami,Bharatiya Janata Party,230011,217165,94.4 %,21444,9.9%
Nabagram,65,SC,Murshidabad,Dilip Saha,Bharatiya Janata Party,243025,219697,90.4 %,5919,2.7%
Nagrakata,21,ST,Jalpaiguri,Puna Bhengra,Bharatiya Janata Party,220118,201076,91.3 %,25858,12.9%
Naihati,104,GEN,North_24_parganas,Sumitro Chatterjee,Bharatiya Janata Party,170581,156477,91.7 %,10430,6.7%
Nakashipara,81,GEN,Nadia,Santanu Dey,Bharatiya Janata Party,218669,204047,93.3 %,17327,8.5%
Nalhati,293,GEN,Birbhum,Rajendra Prasad Singh(RAJU SINGH),All India Trinamool Congress,231681,220986,95.4 %,13446,6.1%
Nandakumar,207,GEN,Purbo_medinipur,Khanra Nirmal,Bharatiya Janata Party,264437,248118,93.8 %,30603,12.3%
Nandigram,210,GEN,Purbo_medinipur,Adhikari Suvendu,Bharatiya Janata Party,266415,251803,94.5 %,9665,3.8%
Nanoor,287,SC,Birbhum,Bidhan Chandra Majhi,All India Trinamool Congress,269082,251254,93.4 %,8122,3.2%
Naoda,74,GEN,Murshidabad,Humayun Kabir,Aam Janata Unnayan Party,235737,220482,93.5 %,27943,12.7%
Narayangarh,225,GEN,Paschim_medinipur,Giri Ramaprasad,Bharatiya Janata Party,239064,223892,93.7 %,20367,9.1%
Natabari,8,GEN,Coochbehar,Girija Shankar Ray,Bharatiya Janata Party,239923,231603,96.5 %,34613,14.9%
Nayagram,220,ST,Jhargram,Amiya Kisku,Bharatiya Janata Party,226894,204823,90.3 %,6424,3.1%
Noapara,107,GEN,North_24_parganas,Arjun Singh,Bharatiya Janata Party,213727,193805,90.7 %,17656,9.1%
Onda,254,GEN,Bankura,Amarnath Shakha,Bharatiya Janata Party,262408,242329,92.3 %,31723,13.1%
Palashipara,79,GEN,Nadia,Rukbanur Rahman,All India Trinamool Congress,231620,212602,91.8 %,11454,5.4%
Panchla,175,GEN,Haora,Gulsan Mullick,All India Trinamool Congress,248497,233424,93.9 %,38320,16.4%
Pandabeswar,275,GEN,Paschim_bardhaman,Jitendra Kumar Tewari,Bharatiya Janata Party,188390,173423,92.1 %,1398,0.8%
Pandua,192,GEN,Hooghly,Tusar Kumar Majumdar,Bharatiya Janata Party,249081,232067,93.2 %,5228,2.3%
Panihati,111,GEN,North_24_parganas,Ratna Debnath,Bharatiya Janata Party,189714,173939,91.7 %,28836,16.6%
Panskura Paschim,205,GEN,Purbo_medinipur,Sintu Senapati,Bharatiya Janata Party,278744,257170,92.3 %,32567,12.7%
Panskura Purba,204,GEN,Purbo_medinipur,Subrata Maity(RANA),Bharatiya Janata Party,238519,219341,92.0 %,17903,8.2%
Para,245,SC,Purulia,Nadiar Chand Bouri,Bharatiya Janata Party,236120,213158,90.3 %,33721,15.8%
Patashpur,212,GEN,Purbo_medinipur,Tapan Maity,Bharatiya Janata Party,247037,231212,93.6 %,9051,3.9%
Patharpratima,130,GEN,South_24_parganas,Samir Kumar Jana,All India Trinamool Congress,257704,245015,95.1 %,4873,2.0%
Phansidewa,27,ST,Darjeeling,Durga Murmu,Bharatiya Janata Party,217298,205539,94.6 %,45263,22.0%
Pingla,227,GEN,Paschim_medinipur,Swagata Manna,Bharatiya Janata Party,255892,240581,94.0 %,18480,7.7%
Purbasthali Dakshin,268,GEN,Purba_bardhaman,Pran Krishna Tapadar,Bharatiya Janata Party,232577,218133,93.8 %,16662,7.6%
Purbasthali Uttar,269,GEN,Purba_bardhaman,Gopal Chattopadhyay,Bharatiya Janata Party,239480,223692,93.4 %,30226,13.5%
Pursurah,199,GEN,Hooghly,Biman Ghosh,Bharatiya Janata Party,259590,238145,91.7 %,53453,22.4%
Purulia,242,GEN,Purulia,Sudip Kumar Mukherjee,Bharatiya Janata Party,251816,228925,90.9 %,49253,21.5%
Raghunathganj,59,GEN,Murshidabad,Akhruzzaman,All India Trinamool Congress,200452,192812,96.2 %,40555,21.0%
Raghunathpur,246,SC,Purulia,Mamoni Bauri,Bharatiya Janata Party,254023,231230,91.0 %,44059,19.1%
Raidighi,134,GEN,South_24_parganas,Tapas Mondal S/o-Shibprasad Mondal,All India Trinamool Congress,267846,256621,95.8 %,5957,2.3%
Raiganj,35,GEN,Uttar Dinajpur,Koushik Chowdhury,Bharatiya Janata Party,174126,163150,93.7 %,58641,35.9%
Raina,261,SC,Purba_bardhaman,Subhash Patra,Bharatiya Janata Party,246060,231803,94.2 %,834,0.4%
Raipur,250,ST,Bankura,Kshetramohan Hansda,Bharatiya Janata Party,224120,208386,93.0 %,28742,13.8%
Rajarhat Gopalpur,117,GEN,North_24_parganas,Tarunjyoti Tewari,Bharatiya Janata Party,218890,194162,88.7 %,27757,14.3%
Rajarhat New Town,115,GEN,North_24_parganas,Piyush Kanodia,Bharatiya Janata Party,267645,250776,93.7 %,309,0.1%
Rajganj,18,SC,Jalpaiguri,Dinesh Sarkar,Bharatiya Janata Party,230795,223057,96.6 %,21477,9.6%
Ramnagar,217,GEN,Purbo_medinipur,Dr. Chandra Sekhar Mondal,Bharatiya Janata Party,269252,243565,90.5 %,26939,11.1%
Rampurhat,291,GEN,Birbhum,Dhruba Saha,Bharatiya Janata Party,245159,230560,94.0 %,24233,10.5%
Ranaghat Dakshin,90,SC,Nadia,Ashim Kumar Biswas,Bharatiya Janata Party,253346,231462,91.4 %,64464,27.9%
Ranaghat Uttar Paschim,87,GEN,Nadia,Partha Sarathi Chatterjee(BABU),Bharatiya Janata Party,232716,215293,92.5 %,57551,26.7%
Ranaghat Uttar Purba,89,SC,Nadia,Ashim Biswas,Bharatiya Janata Party,232399,209617,90.2 %,51743,24.7%
Ranibandh,249,ST,Bankura,Kshudiram Tudu,Bharatiya Janata Party,254570,232944,91.5 %,52269,22.4%
Raniganj,278,GEN,Paschim_bardhaman,Partha Ghosh,Bharatiya Janata Party,215994,194032,89.8 %,17786,9.2%
Raninagar,63,GEN,Murshidabad,Julfikar Ali,Indian National Congress,244391,234962,96.1 %,2701,1.1%
Rashbehari,160,GEN,Kolkata_south,Dasgupta Swapan,Bharatiya Janata Party,158406,137518,86.8 %,20865,15.2%
Ratua,48,GEN,Malda,Samar Mukherjee,All India Trinamool Congress,246547,231691,94.0 %,32562,14.1%
Rejinagar,70,GEN,Murshidabad,Humayun Kabir,Aam Janata Unnayan Party,256267,237661,92.7 %,58876,24.8%
Sabang,226,GEN,Paschim_medinipur,Amal Kumar Panda,Bharatiya Janata Party,274383,256035,93.3 %,11136,4.3%
Sagar,132,GEN,South_24_parganas,Sumanta Mandal,Bharatiya Janata Party,274103,257507,93.9 %,7881,3.1%
Sagardighi,60,GEN,Murshidabad,Bayron Biswas,All India Trinamool Congress,216977,205722,94.8 %,34260,16.7%
Sainthia,289,SC,Birbhum,Krishna Kanta Saha,Bharatiya Janata Party,251997,239624,95.1 %,10306,4.3%
Salboni,234,GEN,Paschim_medinipur,Biman Mahata,Bharatiya Janata Party,279304,264554,94.7 %,15243,5.8%
Saltora,247,SC,Bankura,Chandana Bauri,Bharatiya Janata Party,233175,215720,92.5 %,32135,14.9%
Samserganj,56,GEN,Murshidabad,Mohammed Noor Alam,All India Trinamool Congress,161435,153776,95.3 %,7587,4.9%
Sandeshkhali,123,ST,North_24_parganas,Sanat Sardar,Bharatiya Janata Party,223269,213988,95.8 %,17510,8.2%
Sankrail,174,SC,Haora,Priya Paul,All India Trinamool Congress,240252,227441,94.7 %,16740,7.4%
Santipur,86,GEN,Nadia,Swapan Kumar Das,Bharatiya Janata Party,227477,214043,94.1 %,45376,21.2%
Saptagram,193,GEN,Hooghly,Swaraj Ghosh,Bharatiya Janata Party,210370,195483,92.9 %,23289,11.9%
Satgachhia,145,GEN,South_24_parganas,Agniswar Naskar,Bharatiya Janata Party,256251,237716,92.8 %,401,0.2%
Shibpur,172,GEN,Haora,Rudranil Ghosh,Bharatiya Janata Party,194963,180023,92.3 %,16058,8.9%
Shyampukur,166,GEN,Kolkata_north,Purnima Chakraborty,Bharatiya Janata Party,131819,115826,87.9 %,14633,12.6%
Shyampur,179,GEN,Haora,Dr. Hiranmoy Chattopadhyaya (HIRAAN),Bharatiya Janata Party,259278,243576,93.9 %,22260,9.1%
Siliguri,26,GEN,Darjeeling,Shankar Ghosh,Bharatiya Janata Party,200779,182349,90.8 %,73192,40.1%
Singur,188,GEN,Hooghly,Arup Kumar Das,Bharatiya Janata Party,237388,220683,93.0 %,21438,9.7%
Sitai,6,SC,Coochbehar,Sangita Roy,All India Trinamool Congress,273126,263995,96.7 %,2721,1.0%
Sitalkuchi,5,SC,Coochbehar,Sabitri Barman,Bharatiya Janata Party,285548,278168,97.4 %,25278,9.1%
Sonamukhi,258,SC,Bankura,Dibakar Gharami,Bharatiya Janata Party,235770,219791,93.2 %,29410,13.4%
Sonarpur Dakshin,147,GEN,South_24_parganas,Rupa Ganguly,Bharatiya Janata Party,260993,244443,93.7 %,35782,14.6%
Sonarpur Uttar,151,GEN,South_24_parganas,Debasish Dhar,Bharatiya Janata Party,273219,254845,93.3 %,9807,3.8%
Sreerampur,186,GEN,Hooghly,Bhaskar Bhattacharya,Bharatiya Janata Party,205662,184480,89.7 %,8685,4.7%
Sujapur,53,GEN,Malda,Sabina Yeasmin,All India Trinamool Congress,236443,226173,95.7 %,60287,26.7%
Suri,285,GEN,Birbhum,Jagannath Chattopadhyay,Bharatiya Janata Party,252071,236672,93.9 %,28686,12.1%
Suti,57,GEN,Murshidabad,Emani Biswas,All India Trinamool Congress,229208,219117,95.6 %,12357,5.6%
Swarupnagar,98,SC,North_24_parganas,Bina Mondal,All India Trinamool Congress,228965,216890,94.7 %,16017,7.4%
Taldangra,251,GEN,Bankura,Souvik Patra,Bharatiya Janata Party,235685,218237,92.6 %,50073,22.9%
Tamluk,203,GEN,Purbo_medinipur,Hare Krishna Bera,Bharatiya Janata Party,274508,255347,93.0 %,34729,13.6%
Tapan,40,ST,Dakshin Dinajpur,Budhrai Tudu,Bharatiya Janata Party,194914,185261,95.0 %,36987,20.0%
Tarakeswar,198,GEN,Hooghly,Santu Pan,Bharatiya Janata Party,235441,220093,93.5 %,30999,14.1%
Tehatta,78,GEN,Nadia,Subrata Kabiraj,Bharatiya Janata Party,252431,232666,92.2 %,28253,12.1%
Tollyganj,152,GEN,South_24_parganas,Papia Adhikary,Bharatiya Janata Party,229994,204160,88.8 %,6013,2.9%
Tufanganj,9,GEN,Coochbehar,Malati Rava Roy,Bharatiya Janata Party,237667,229408,96.5 %,26457,11.5%
Udaynarayanpur,182,GEN,Haora,Samir Kumar Panja,All India Trinamool Congress,229091,212581,92.8 %,12227,5.8%
Uluberia Dakshin,178,GEN,Haora,Pulak Roy,All India Trinamool Congress,237057,224825,94.8 %,17187,7.6%
Uluberia Purba,176,GEN,Haora,Ritabrata Banerjee,All India Trinamool Congress,218481,206774,94.6 %,11838,5.7%
Uluberia Uttar,177,SC,Haora,Chiran Bera,Bharatiya Janata Party,214671,202375,94.3 %,4177,2.1%
Uttarpara,185,GEN,Hooghly,Dipanjan Chakraborty,Bharatiya Janata Party,228272,203732,89.2 %,10415,5.1%